Index,Hogwarts House,First Name,Last Name,Birthday,Best Hand,Arithmancy,Astronomy,Herbology,Defense Against the Dark Arts,Divination,Muggle Studies,Ancient Runes,History of Magic,Transfiguration,Potions,Care of Magical Creatures,Charms,Flying
0,Ravenclaw,Tamara,Hsu,2000-03-30,Left,58384.0,-487.88608595139016,5.727180298550763,4.8788608595139005,4.7219999999999995,272.0358314131986,532.4842261151226,5.231058287281048,1039.7882807428462,3.7903690663529614,0.7159391270136213,-232.79405,-26.89
